,lat,lon,max_temp,humidity,wind_speed,cloudiness,country,date,name
0,-34.7333,135.8667,62.87,54,15.37,100,AU,1665364935,Port Lincoln
1,4.7717,33.5903,73.13,72,2.93,100,SS,1665364935,Kapoeta
2,5.8933,95.3214,80.69,77,10.58,100,ID,1665364936,Sabang
3,-46.1927,168.8643,58.23,60,5.37,100,NZ,1665364936,Mataura
4,60.7333,77.5889,36.73,93,7.11,100,RU,1665364936,Strezhevoy
5,28.017,-97.5169,78.93,60,11.45,5,US,1665364937,San Patricio
6,70.6333,147.9167,22.03,92,12.62,100,RU,1665364937,Chokurdakh
7,77.484,-69.3632,7.47,71,7.61,16,GL,1665364937,Qaanaaq
8,-37.6167,-73.65,49.15,83,22.44,0,CL,1665364938,Lebu
9,42.6001,-73.9662,49.59,80,4.32,8,US,1665364798,Albany
10,42.5011,22.4724,50.43,84,1.68,49,RS,1665364938,Bosilegrad
11,-42.7826,147.0587,55.29,54,3.0,99,AU,1665364939,New Norfolk
12,-15.1961,12.1522,66.15,90,4.36,27,AO,1665364939,Mossamedes
13,62.456,-114.3525,46.92,87,6.91,40,CA,1665364745,Yellowknife
14,57.79,-152.4072,51.31,32,12.66,0,US,1665364939,Saint Paul Harbor
15,-54.8,-68.3,44.26,76,2.3,75,AR,1665364940,Ushuaia
16,-20.3428,57.7575,70.05,78,11.5,20,MU,1665364940,Bambous Virieux
17,-38.0023,-57.5575,46.33,75,5.99,0,AR,1665364941,Mar del Plata
18,-21.2,-175.2,74.46,83,6.89,100,TO,1665364941,Vaini
19,-33.65,115.3333,57.22,64,21.85,49,AU,1665364942,Busselton
20,-27.7951,-64.2615,61.54,20,10.87,0,AR,1665364942,Santiago del Estero
21,14.5167,75.8,72.36,92,2.66,100,IN,1665364942,Harihar
22,17.3333,42.6667,81.54,70,4.81,0,SA,1665364943,Jizan
23,-33.9258,18.4232,62.58,75,9.22,0,ZA,1665364943,Cape Town
24,63.7506,-68.5145,27.7,86,12.66,75,CA,1665364911,Iqaluit
25,51.5877,-2.9984,55.42,90,8.7,98,GB,1665364943,Newport
26,69.4541,-133.0374,35.6,93,8.05,100,CA,1665364944,Tuktoyaktuk
27,-0.7393,-90.3518,66.54,89,8.01,100,EC,1665364944,Puerto Ayora
28,69.2167,-51.1,21.22,58,8.05,75,GL,1665364779,Ilulissat
29,32.6667,-17.1,68.5,69,3.13,22,PT,1665364945,Ponta do Sol
30,-27.6146,-48.5012,57.63,70,10.36,75,BR,1665364945,Florianópolis
31,-42.8794,147.3294,61.29,56,11.5,75,AU,1665364819,Hobart
32,40.4272,71.7189,52.52,50,6.91,32,UZ,1665364945,Yangi Marg`ilon
33,42.3414,78.0056,43.92,71,2.15,19,KG,1665364946,Kyzyl-Suu
34,-12.486,130.9833,89.46,66,5.75,75,AU,1665364946,Palmerston
35,39.6367,141.9525,66.47,99,11.9,100,JP,1665364868,Miyako
36,54.95,-7.7333,48.97,76,13.69,11,IE,1665364947,Letterkenny
37,69.7008,170.3133,26.13,73,23.17,100,RU,1665364947,Pevek
38,-34.5322,20.0403,60.62,97,11.7,100,ZA,1665364947,Bredasdorp
39,71.9667,102.5,1.44,98,4.23,30,RU,1665364948,Khatanga
40,37.7799,-121.978,68.86,62,10.36,0,US,1665364701,San Ramon
41,35.7333,140.8333,64.8,88,22.97,96,JP,1665364948,Hasaki
42,22.0752,-159.319,82.06,67,8.05,20,US,1665364948,Kapaa
43,-34.4187,19.2345,61.81,92,13.71,100,ZA,1665364949,Hermanus
44,-33.5906,26.891,64.06,86,10.8,89,ZA,1665364949,Port Alfred
45,-9.8,-139.0333,76.68,70,17.78,12,PF,1665364949,Atuona
46,55.9175,21.0686,53.62,76,5.75,40,LT,1665364950,Palanga
47,10.6667,125.05,86.16,65,1.95,42,PH,1665364950,Abuyog
48,-53.15,-70.9167,50.11,57,36.82,75,CL,1665364950,Punta Arenas
49,66.8333,70.8333,39.88,92,9.26,100,RU,1665364951,Yar-Sale
50,28.4769,-82.5255,75.94,77,3.44,20,US,1665364839,Spring Hill
51,-26.0217,22.401,72.01,19,10.54,0,BW,1665364951,Tsabong
52,-3.5534,143.6268,85.12,67,7.23,60,PG,1665364951,Wewak
53,67.45,153.6833,22.84,65,12.44,99,RU,1665364952,Srednekolymsk
54,56.4773,57.7259,45.93,85,10.0,100,RU,1665364952,Sarana
55,-31.6333,-60.7,58.55,46,1.01,0,AR,1665364852,Santa Fe
56,-24.8667,113.6333,67.91,62,21.32,91,AU,1665364952,Carnarvon
57,-20.3297,-40.2925,75.15,88,6.91,20,BR,1665364953,Vila Velha
58,-21.2078,-159.775,75.25,73,17.27,75,CK,1665364953,Avarua
59,66.0449,-17.3389,33.48,98,39.75,100,IS,1665364953,Husavik
60,-19.55,169.2667,82.51,78,11.5,75,VU,1665364954,Isangel
61,-38.2667,141.9667,59.11,62,6.58,6,AU,1665364954,Codrington
62,-34.4833,-54.3333,42.6,78,2.91,0,UY,1665364954,Rocha
63,-20.5167,57.5167,70.18,78,11.5,20,MU,1665364955,Souillac
64,-28.55,16.4333,58.66,88,3.29,100,NA,1665364955,Oranjemund
65,47.6666,-52.7314,44.74,90,10.36,20,CA,1665364955,Torbay
66,73.5069,80.5464,34.18,98,20.71,100,RU,1665364956,Dikson
67,14.8961,-24.4956,78.12,75,5.79,18,CV,1665364956,São Filipe
68,38.5167,-28.7,70.77,88,3.0,5,PT,1665364956,Ribeira Grande
69,-21.6403,-41.0511,73.49,86,17.05,100,BR,1665364956,São João da Barra
70,-18.95,-57.8,63.46,62,6.67,9,BO,1665364957,Puerto Suárez
71,-8.9266,125.4092,72.75,52,3.24,100,TL,1665364957,Airai
72,35.405,116.5814,52.39,29,7.67,0,CN,1665364957,Jining
73,-33.0153,27.9116,65.14,75,8.08,99,ZA,1665364958,East London
74,19.7297,-155.09,81.57,78,9.22,75,US,1665364958,Hilo
75,50.9294,21.3853,41.09,87,4.32,0,PL,1665364958,Ostrowiec Świętokrzyski
76,14.5333,20.9167,82.17,54,2.57,39,TD,1665364958,Biltine
77,-46.6,168.3333,57.38,62,13.49,100,NZ,1665364959,Bluff
78,-17.7125,-39.2481,75.34,82,6.55,0,BR,1665364959,Caravelas
79,12.9983,8.9099,82.71,26,5.75,15,NE,1665364959,Magaria
80,-23.7,133.8833,72.95,18,10.36,11,AU,1665364960,Alice Springs
81,51.65,-103.5343,48.22,47,8.28,4,CA,1665364960,Foam Lake
82,-21.3585,55.7679,67.59,79,10.13,35,RE,1665364960,Saint-Philippe
83,27.9167,96.1667,72.46,98,2.59,99,IN,1665364961,Tezu
84,61.6886,27.2723,35.71,93,2.3,0,FI,1665364961,Mikkeli
85,5.4112,100.3354,80.62,85,6.91,20,MY,1665364855,George Town
86,65.282,-126.8329,53.64,62,8.05,75,CA,1665364961,Norman Wells
87,49.9333,116.8667,36.27,40,6.98,10,RU,1665364962,Dauriya
88,44.3334,-76.1661,49.26,74,7.58,70,CA,1665364962,Gananoque
89,10.2849,22.7882,70.59,86,3.78,24,CF,1665364962,Birao
90,-0.6,73.0833,80.69,77,15.68,100,MV,1665364963,Hithadhoo
91,29.5958,-90.7195,66.78,65,0.0,0,US,1665364294,Houma
92,3.0707,172.7902,81.46,76,13.69,27,KI,1665364963,Butaritari
93,14.2,24.6667,74.39,26,9.08,70,SD,1665364963,Kutum
94,-34.6833,150.8667,59.45,65,4.97,98,AU,1665364964,Kiama
95,40.5982,-124.1573,53.71,88,6.91,100,US,1665364843,Fortuna
96,-26.152,26.1597,63.73,37,7.72,49,ZA,1665364964,Lichtenburg
97,50.3643,108.7512,34.77,38,3.53,4,RU,1665364964,Krasnyy Chikoy
98,59.7035,30.7861,40.91,96,5.23,9,RU,1665364965,Nikolskoye
99,-23.1203,-134.9692,71.55,73,13.82,1,PF,1665364965,Rikitea
100,65.75,150.85,16.39,78,10.16,100,RU,1665364965,Zyryanka
101,-33.6971,-53.4616,45.77,76,4.94,0,UY,1665364966,Chui
102,-33.8667,121.9,58.66,81,12.44,89,AU,1665364900,Esperance
103,55.1001,-105.2842,59.25,51,5.75,75,CA,1665364966,La Ronge
104,-45.8667,-67.5,51.66,43,6.91,0,AR,1665364966,Comodoro Rivadavia
105,28.45,79.8,68.18,97,10.4,100,IN,1665364967,Barkhera Kalān
106,17.1561,-89.0714,75.34,94,3.44,75,BZ,1665364967,San Ignacio
107,-2.5744,150.7967,84.34,58,12.19,99,PG,1665364967,Kavieng
108,61.3614,63.5842,47.46,84,12.15,100,RU,1665364968,Sovetskiy
109,-10.7073,22.2247,63.86,29,3.6,0,AO,1665364968,Luau
110,-23.7781,-45.3581,70.14,98,5.93,100,BR,1665364968,Ilhabela
111,4.8845,-1.7554,75.87,91,6.6,100,GH,1665364969,Takoradze
112,-38.5473,-58.7368,43.54,74,5.68,0,AR,1665364690,Necochea
113,12.1628,6.6614,76.64,66,7.25,24,NG,1665364969,Gusau
114,42.097,-79.2353,46.76,53,8.05,0,US,1665364969,Jamestown
115,18.6853,12.9164,81.14,20,5.37,0,NE,1665364970,Bilma
116,48.1128,-98.8651,48.18,78,5.75,0,US,1665364970,Devils Lake
117,21.95,108.6167,65.61,53,15.99,98,CN,1665364970,Qinzhou
118,22.2855,114.1577,73.92,62,20.0,24,HK,1665364817,Hong Kong
119,10.5669,72.642,80.6,78,6.11,100,IN,1665364971,Kavaratti
120,-46.1333,167.6833,61.32,61,10.36,100,NZ,1665364971,Tuatapere
121,51.2585,-80.6094,39.18,81,9.22,40,CA,1665364971,Moose Factory
122,61.2767,108.0108,35.08,93,6.02,100,RU,1665364972,Yerbogachën
123,70.4692,-68.5914,17.83,79,12.66,100,CA,1665364873,Clyde River
124,-21.3667,55.6167,66.58,76,7.47,27,RE,1665364972,Saint-Joseph
125,36.6167,101.7667,41.14,36,1.68,100,CN,1665364972,Xining
126,-3.8004,102.2655,77.32,81,2.13,100,ID,1665364973,Bengkulu
127,-22.9661,-42.0278,69.89,97,14.58,100,BR,1665364973,Arraial do Cabo
128,4.9333,-52.3333,80.64,83,0.0,20,GF,1665364974,Cayenne
129,-27.1578,-48.5531,64.09,80,17.16,100,BR,1665364974,Porto Belo
130,37.1041,-113.5841,81.14,22,4.61,0,US,1665364699,Saint George
131,34.6391,-120.4579,61.36,87,9.22,100,US,1665364724,Lompoc
132,44.4122,40.7936,55.09,91,4.61,74,RU,1665364974,Mostovskoy
133,-46.2817,169.8464,60.91,54,7.4,100,NZ,1665364975,Kaitangata
134,45.5234,-122.6762,79.38,44,4.61,20,US,1665364535,Portland
135,41.3712,-73.414,48.99,79,0.0,20,US,1665364975,Bethel
136,52.85,-102.3842,51.1,55,5.01,60,CA,1665364975,Hudson Bay
137,28.131,82.2973,66.65,94,5.37,100,NP,1665364976,Tulsīpur
138,-20.4081,57.7,70.09,78,11.5,20,MU,1665364976,Mahébourg
139,65.85,74.4859,42.24,95,13.42,100,RU,1665364976,Pangody
140,41.1875,61.4036,50.41,44,14.18,0,TM,1665364977,Gazojak
141,54.9109,71.2728,40.96,84,7.74,96,RU,1665364977,Isil'kul'
142,30.15,62.6,59.14,22,6.22,0,AF,1665364977,Rūdbār
143,32.2163,-80.7526,71.17,87,10.36,0,US,1665364718,Hilton Head
144,71.6872,128.8694,13.73,96,9.33,98,RU,1665364977,Tiksi
145,-0.8833,131.25,80.55,77,4.38,100,ID,1665364978,Sorong
146,-10.6167,150.6667,83.52,74,14.54,91,PG,1665364978,Samarai
147,18.2164,42.5053,57.45,21,0.0,0,SA,1665364966,Abhā
148,68.2191,-135.0107,33.15,92,19.53,100,CA,1665364979,Aklavik
149,9.4092,45.064,72.3,59,3.87,0,SO,1665364979,Oodweyne
150,70.0744,29.7487,44.76,65,20.71,100,NO,1665364979,Vadsø
151,-19.8436,34.8389,70.43,91,3.33,0,MZ,1665364980,Beira
152,-0.9492,100.3543,75.25,73,1.1,100,ID,1665364980,Padang
153,-24.4167,150.5,73.92,65,11.05,93,AU,1665364981,Biloela
154,39.1834,-84.5333,48.65,66,0.0,0,US,1665364981,Hamilton
155,-41.4122,175.5153,60.53,54,15.73,0,NZ,1665364981,Waipawa
156,55.7435,-97.8558,46.56,66,5.75,40,CA,1665364982,Thompson
157,48.2325,-101.2963,51.8,58,8.05,0,US,1665364754,Minot
158,-25.2406,130.9889,75.56,15,14.2,10,AU,1665364982,Yulara
159,-19.5667,18.1167,69.37,23,4.61,0,NA,1665364983,Grootfontein
160,-9.8756,-56.0861,74.35,77,3.13,92,BR,1665364983,Alta Floresta
161,7.7669,-72.225,69.98,99,2.19,100,VE,1665364984,San Cristobal
162,31.1783,115.0319,55.9,40,5.19,74,CN,1665364984,Macheng
163,52.1667,-103.5343,53.65,44,6.53,8,CA,1665364984,Kelvington
164,-5.1989,-35.4608,76.95,83,13.42,19,BR,1665364985,Touros
165,71.2906,-156.7887,32.02,86,6.91,100,US,1665364985,Barrow
166,60.1432,-45.2371,39.81,96,9.1,100,GL,1665364986,Nanortalik
167,43.7168,19.7,44.31,93,2.48,74,RS,1665364986,Zlatibor
168,-12.2333,136.7667,86.61,66,17.27,75,AU,1665364987,Nhulunbuy
169,13.9553,7.6712,86.05,20,8.79,10,NE,1665364987,Mayahi
170,-16.7833,-151.5,78.57,73,16.71,3,PF,1665364988,Tevaitoa
171,-16.4833,-151.75,78.76,73,16.87,8,PF,1665364988,Faanui
172,-33.918,25.5701,63.1,99,5.75,100,ZA,1665364989,Port Elizabeth
173,39.1672,8.5222,61.74,85,2.44,85,IT,1665364990,Carbonia
174,10.9995,122.6711,83.68,76,4.74,93,PH,1665364990,Dingle
175,38.4362,57.4316,60.26,31,9.71,0,TM,1665364990,Baharly
176,-4.05,19.5333,69.4,95,1.88,100,CD,1665364991,Mangai
177,-6.4333,39.55,75.25,74,16.46,53,TZ,1665364991,Sokoni
178,65.6145,-37.6368,26.02,92,8.48,100,GL,1665364991,Tasiilaq
179,-21.95,27.9,70.75,28,5.01,0,BW,1665364992,Tobane
180,6.8667,38.45,57.6,92,2.71,100,ET,1665364992,Leku
181,-0.2167,20.8667,69.28,100,1.88,100,CD,1665364993,Boende
182,-24.7911,-50.0119,60.03,97,11.03,100,BR,1665364993,Castro
183,-30.3875,-56.4514,47.25,71,8.88,3,BR,1665364993,Quaraí
184,2.9845,99.6158,76.87,92,1.66,100,ID,1665364994,Kisaran
185,-22.0866,-65.5942,40.95,41,4.52,0,BO,1665364994,Villazón
186,-22.116,14.2845,59.18,95,7.7,97,NA,1665364994,Henties Bay
187,34.9833,139.8667,77.4,87,24.45,94,JP,1665364995,Tateyama
188,69.3,139.9,12.6,93,4.7,100,RU,1665364995,Deputatsky
189,37.7167,-25.4333,73.2,92,6.42,44,PT,1665364995,Vila Franca do Campo
190,-33.0117,17.9442,55.45,79,7.87,100,ZA,1665364996,Saldanha
191,29.0331,21.5482,67.57,52,7.16,0,LY,1665364996,Jalu
192,-14.9167,-70.2167,49.21,54,5.91,72,PE,1665364996,Azángaro
193,8.2,-59.7833,77.54,88,4.25,100,GY,1665364997,Mabaruma
194,21.3469,-158.0858,82.8,58,11.5,0,US,1665364997,Makakilo City
195,68.75,161.3,20.53,92,17.69,100,RU,1665364998,Cherskiy
196,0.2842,34.7523,58.89,83,5.48,80,KE,1665364998,Kakamega
197,-30.1811,-50.2056,55.4,64,9.57,100,BR,1665364998,Cidreira
198,40.626,14.3744,65.07,90,10.42,100,IT,1665364999,Sorrento
199,42.3394,-3.7079,59.41,58,6.91,0,ES,1665364829,Burgos
200,-23.4923,-58.7972,56.5,57,7.2,99,PY,1665365000,Pozo Colorado
201,-4.9667,39.8333,73.49,84,11.9,17,TZ,1665365000,Micheweni
202,20.8667,-90.4,80.47,79,17.25,36,MX,1665364879,Celestún
203,4.1363,96.1285,78.1,81,2.95,95,ID,1665365001,Meulaboh
204,-19.8,-174.35,75.97,82,21.92,100,TO,1665365001,Pangai
205,60.7167,-46.0333,37.47,96,6.8,100,GL,1665365001,Qaqortoq
206,55.1333,-7.45,49.46,76,19.33,29,IE,1665365002,Buncrana
207,46.6166,10.7002,52.86,95,3.18,100,IT,1665365002,Laas
208,37.2711,-87.1764,47.62,80,0.0,0,US,1665365003,Morehead
209,57.4129,-6.1942,49.51,83,20.13,42,GB,1665365003,Portree
210,64.7507,20.9528,44.01,99,3.44,40,SE,1665365003,Skellefteå
211,-11.7833,19.9167,57.83,30,2.06,5,AO,1665365004,Luena
212,42.7762,-9.0603,60.44,93,11.21,100,ES,1665365004,Muros
213,17.0151,54.0924,73.45,65,1.3,99,OM,1665365005,Salalah
214,68.5646,14.9108,48.18,93,6.91,100,NO,1665365005,Stokmarknes
215,63.4427,-20.2734,38.7,66,33.24,6,IS,1665365005,Vestmannaeyjar
216,56.1725,107.4458,36.12,69,4.23,90,RU,1665365006,Magistral'nyy
217,-38.9516,-68.0591,53.49,43,0.0,0,AR,1665364822,Neuquén
218,60.7522,-137.5108,46.35,46,5.75,41,CA,1665365006,Haines Junction
219,26.326,43.975,68.45,14,7.11,0,SA,1665365007,Buraidah
220,64.2539,-15.2082,41.09,57,26.44,100,IS,1665365007,Hofn
221,49.9811,92.0667,34.95,40,3.09,100,MN,1665365007,Ulaangom
222,67.6803,53.1512,40.06,90,14.97,85,RU,1665365008,Iskateley
223,36.3703,30.2869,71.19,53,5.46,0,TR,1665365008,Kumluca
224,53.1561,103.0675,34.5,71,4.07,100,RU,1665364869,Cheremkhovo
225,71.9167,114.0833,8.19,95,8.95,89,RU,1665365008,Saskylakh
226,13.2167,-59.5167,81.21,83,6.91,20,BB,1665365009,Bathsheba
227,65.4167,-52.9,32.09,54,8.25,100,GL,1665365010,Maniitsoq
228,57.6325,53.0252,44.98,86,10.18,97,RU,1665365010,Fakel
229,21.2833,-89.6667,82.11,82,14.47,90,MX,1665365010,Progreso
230,22.6783,-3.9836,90.93,23,24.56,99,ML,1665365011,Taoudenni
231,-7.7479,112.0132,80.22,80,9.48,100,ID,1665365011,Gondanglegi
232,47.1333,21.7167,48.52,76,6.91,7,HU,1665365011,Biharkeresztes
233,17.9583,-102.2,81.54,81,7.74,18,MX,1665365012,Lázaro Cárdenas
234,34.6667,138.95,68.36,87,15.37,70,JP,1665365012,Shimoda
235,62.2266,-6.589,41.92,77,35.52,99,FO,1665365013,Klaksvík
236,60.0625,71.4789,41.23,96,8.32,100,RU,1665365013,Salym
237,64.9555,34.5793,38.39,87,12.95,3,RU,1665365014,Kem'
238,43.4198,-4.7549,64.35,78,4.21,100,ES,1665365014,Llanes
239,-30.3833,153.1,68.02,64,17.27,100,AU,1665365015,Sawtell
240,67.4667,78.7,39.83,96,12.75,100,RU,1665365015,Tazovsky
241,60.3964,-1.353,49.86,75,28.1,0,GB,1665365015,Brae
242,21.4612,-71.1419,81.82,79,20.0,1,TC,1665365016,Cockburn Town
243,11.2142,123.1655,82.45,75,3.89,58,PH,1665365016,Igbon
244,12.7111,104.8887,76.03,93,2.91,100,KH,1665365016,Kampong Thom
245,26.8865,88.0718,60.46,90,2.75,63,NP,1665365017,Birin
246,27.9117,-15.5407,65.5,78,18.41,20,ES,1665365017,Santa Lucía
247,58.9564,126.2925,34.47,92,8.68,100,RU,1665365017,Tommot
248,52.9041,56.3933,42.75,82,4.9,11,RU,1665365018,Yumaguzino
249,72.7868,-56.1549,11.21,72,5.39,23,GL,1665365018,Upernavik
250,-18.8333,-63.4667,61.54,37,3.74,100,BO,1665365018,Abapó
251,64.3833,-173.3,35.71,60,8.99,20,RU,1665365019,Provideniya
252,-35.35,150.4667,55.33,66,4.63,81,AU,1665365019,Ulladulla
253,21.6967,-78.6328,79.38,75,11.99,6,CU,1665365019,Baraguá
254,58.3631,82.8265,43.29,90,11.79,100,RU,1665365019,Togur
255,36.1867,-94.1288,65.43,64,3.44,100,US,1665364951,Springdale
256,57.8406,108.3492,35.62,74,4.09,51,RU,1665365020,Alekseyevsk
257,59.2002,38.8356,38.34,96,5.82,0,RU,1665365020,Chebsara
258,5.5577,95.3222,79.5,77,5.59,100,ID,1665365020,Banda Aceh
259,-20.7377,116.8463,81.27,29,8.39,6,AU,1665365021,Karratha
260,-6.3264,108.32,82.83,70,5.08,100,ID,1665365021,Indramayu
261,68.5333,146.4167,25.41,59,8.9,98,RU,1665365021,Belaya Gora
262,18.3778,103.6601,74.86,77,7.29,81,LA,1665365022,Pakxan
263,12.6,37.4667,54.54,76,4.63,0,ET,1665365022,Gonder
264,18.8003,110.3967,75.25,83,16.93,99,CN,1665365022,Wanning
265,-7.2294,-44.5561,84.07,23,6.4,17,BR,1665365023,Uruçuí
266,-13.3047,-72.1158,56.3,72,5.77,97,PE,1665365023,Urubamba
267,-29.9533,-71.3436,55.13,82,3.44,100,CL,1665365023,Coquimbo
268,41.7597,86.1469,53.26,24,3.78,0,CN,1665365024,Korla
269,43.2,51.65,63.48,37,29.53,100,KZ,1665365024,Quryq
270,47.1053,-104.7125,65.16,41,3.44,0,US,1665365024,Glendive
271,-8.0089,-34.8553,80.33,74,11.5,75,BR,1665364800,Olinda
272,50.6789,156.125,46.72,61,13.65,32,RU,1665365024,Severo-Kuril'sk
273,61.9875,5.1352,49.87,24,38.45,98,NO,1665365025,Raudeberg
274,30.4397,48.1664,73.36,100,4.61,100,IR,1665365025,Khorramshahr
275,6.5,-9.5,71.01,100,1.68,48,LR,1665365025,Liberia
276,14.9709,8.8879,84.52,19,9.71,0,NE,1665365026,Tanout
277,-9.1061,124.8925,84.58,55,2.26,100,ID,1665365026,Atambua
278,59.5833,151.2833,32.14,75,3.22,50,RU,1665365027,Ola
279,30.3667,-107.95,65.07,60,3.27,7,MX,1665365027,Casas Grandes
280,22.8909,-109.9124,86.25,65,8.05,0,MX,1665364734,Cabo San Lucas
281,32.68,109.0172,51.73,61,1.16,100,CN,1665365027,Ankang
282,47.674,-122.1215,68.32,67,4.36,41,US,1665364867,Redmond
283,62.8833,152.4333,11.05,85,3.53,64,RU,1665365028,Seymchan
284,56.3724,75.2418,37.89,88,6.53,78,RU,1665365028,Muromtsevo
285,-21.3393,55.4781,67.68,64,9.22,75,RE,1665365028,Saint-Pierre
286,-5.95,34.1333,62.28,63,8.23,87,TZ,1665365029,Mgandu
287,42.6225,126.2614,35.4,99,7.29,100,CN,1665365029,Huinan
288,-0.0333,109.3333,74.98,94,4.61,75,ID,1665365029,Pontianak
289,66.8014,65.8081,40.95,93,5.55,100,RU,1665365030,Kharp
290,42.3333,13.95,56.84,84,1.52,100,IT,1665365030,Provincia di Pescara
291,38.421,-121.4238,84.74,39,5.75,0,US,1665364841,Laguna
292,15.1333,-23.2167,78.51,78,12.62,100,CV,1665365030,Vila do Maio
293,44.235,133.3642,45.27,94,11.65,100,RU,1665365031,Novosysoyevka
294,50.3164,-122.8027,69.49,43,1.12,11,CA,1665365031,Pemberton
295,4.9158,29.4742,65.73,96,2.51,91,SS,1665365031,Maridi
296,34.8014,-106.5436,57.81,54,5.41,92,US,1665365032,Meadow Lake
297,31.2089,16.5887,70.68,67,10.71,0,LY,1665365032,Sirte
298,38.2414,16.2623,72.32,84,1.68,30,IT,1665365032,Locri
299,5.9538,116.6641,77.59,81,1.1,100,MY,1665365033,Ranau
300,1.2492,-78.9831,76.69,80,9.17,100,EC,1665365033,Valdez
301,-28.7667,114.6,64.81,72,11.5,100,AU,1665365033,Geraldton
302,50.5167,115.1333,39.79,34,5.32,83,RU,1665365034,Nizhniy Tsasuchey
303,-1.195,-46.02,78.66,80,6.91,28,BR,1665365034,Carutapera
304,-15.7667,128.7333,93.18,24,13.8,15,AU,1665364863,Kununurra
305,-7.6087,15.0613,66.0,98,2.84,90,AO,1665365035,Uíge
306,41.1415,-73.3579,52.02,66,4.61,0,US,1665365035,Westport
307,67.5641,33.4031,34.86,92,5.84,17,RU,1665365035,Apatity
308,63.7898,74.523,42.13,89,14.36,100,RU,1665365035,Muravlenko
309,51.2836,81.1056,45.7,81,9.42,100,RU,1665365036,Veseloyarsk
310,66.1451,-65.7125,24.73,59,3.76,73,CA,1665365036,Pangnirtung
311,39.05,-27.9833,70.38,92,11.05,0,PT,1665365037,Lagoa
312,28.2333,83.9833,69.8,71,5.64,100,NP,1665365037,Pokhara
313,20.931,-17.0347,69.78,88,14.97,100,MR,1665365037,Nouadhibou
314,35.1333,140.3,77.5,86,24.72,100,JP,1665365038,Katsuura
315,-32.25,148.6167,64.53,55,6.91,10,AU,1665364999,Dubbo
316,1.2391,23.616,69.37,96,0.4,100,CD,1665365038,Basoko
317,49.7502,-77.6328,32.11,93,3.44,40,CA,1665365039,Matagami
318,60.34,102.2797,33.44,95,2.91,48,RU,1665365039,Vanavara
319,9.4942,50.8122,76.32,88,14.07,99,SO,1665365040,Bandarbeyla
320,-13.7,-76.2167,60.85,77,14.97,0,PE,1665365040,Pisco
321,-2.0833,101.3833,65.77,88,1.39,100,ID,1665365040,Sungai Penuh
322,-11.7292,-49.0686,80.28,56,6.35,80,BR,1665365040,Gurupi
323,70.9821,25.9704,44.35,81,20.71,100,NO,1665365041,Honningsvåg
324,57.3344,-4.4799,43.52,82,12.91,23,GB,1665365041,Drumnadrochit
325,27.9769,-114.0611,72.37,78,14.94,0,MX,1665364808,Guerrero Negro
326,-41.8697,-73.8203,43.27,86,4.74,1,CL,1665365042,Ancud
327,-31.95,141.4333,64.35,29,9.46,82,AU,1665365042,Broken Hill
328,27.3331,91.5542,68.52,97,1.54,100,BT,1665365042,Tashigang
329,14.3188,2.0866,88.97,35,10.8,0,NE,1665365043,Ouallam
330,14.8888,5.2692,86.72,19,7.58,0,NE,1665365043,Tahoua
331,-8.7676,160.7034,86.95,59,5.1,31,SB,1665365044,Auki
332,16.1525,36.2032,85.32,43,5.97,0,SD,1665365044,Wagar
333,5.7947,0.8973,78.51,80,3.94,96,GH,1665365044,Anloga
334,-15.4311,-74.6158,65.55,70,3.8,21,PE,1665364992,Acarí
335,36.6777,-121.6555,59.74,82,11.5,100,US,1665364995,Salinas
336,78.2186,15.6401,35.44,80,12.66,40,SJ,1665365045,Longyearbyen
337,51.3813,1.3862,54.27,86,1.01,100,GB,1665365045,Margate
338,-17.6394,-71.3375,59.38,81,3.36,14,PE,1665365046,Ilo
339,55.7383,46.7549,46.9,80,8.41,100,RU,1665365046,Alikovo
340,-6.8844,112.2051,82.2,74,6.42,35,ID,1665365046,Labuhan
341,-12.6,-69.1833,76.78,80,0.69,16,PE,1665365047,Puerto Maldonado
342,47.6167,-57.6152,49.59,71,11.56,100,CA,1665365047,Burgeo
343,69.3833,178.4167,20.14,71,15.64,65,RU,1665365047,Leningradskiy
344,38.9342,100.4517,46.17,17,7.36,0,CN,1665365048,Zhangye
345,-15.8631,-38.8828,75.42,85,9.24,3,BR,1665365048,Belmonte
346,18.4167,-64.6167,80.64,89,5.75,20,VG,1665364929,Road Town
347,60.4078,57.082,48.45,87,11.01,100,RU,1665365049,Krasnovishersk
348,55.3068,79.6802,42.62,89,12.37,89,RU,1665365049,Ubinskoye
349,54.4299,31.8996,40.93,94,8.63,0,RU,1665365049,Sobolevo
350,50.4738,17.3344,39.9,78,6.76,5,PL,1665365050,Nysa
351,54.7167,158.6167,41.61,40,11.48,98,RU,1665365050,Mil'kovo
352,30.9866,103.9393,57.67,59,0.85,99,CN,1665365050,Tianpeng
353,40.478,21.6341,51.69,59,1.21,100,GR,1665365051,Ardassa
354,-26.6167,-54.1333,48.18,96,6.71,98,AR,1665365052,San Vicente
355,65.3172,21.4794,46.49,87,5.91,100,SE,1665365052,Piteå
356,-2.9248,-39.9167,78.93,82,17.69,17,BR,1665365052,Itarema
357,-37.8333,147.6167,61.05,51,1.01,12,AU,1665365053,Bairnsdale
358,-34.5833,150.8552,59.25,67,4.56,99,AU,1665364897,Flinders
359,8.4109,20.6473,69.01,96,0.69,54,CF,1665365053,Ndélé
360,7.452,123.4312,81.68,77,1.92,70,PH,1665364997,Malim
361,36.4141,64.9053,53.67,25,1.36,0,AF,1665365054,Dawlatabad
362,-21.15,149.2,84.69,73,16.33,17,AU,1665364858,Mackay
363,38.4674,14.954,70.02,72,7.74,99,IT,1665365055,Lipari
364,-40.8135,-62.9967,46.81,66,10.22,6,AR,1665365055,Viedma
365,10.3999,5.4695,72.41,94,3.91,32,NG,1665365055,Kontagora
366,-16.8392,36.9856,70.05,91,2.89,0,MZ,1665365056,Mocuba
367,29.3333,113.0919,57.24,40,7.85,33,CN,1665365050,Yueyang
368,68.0531,39.5131,40.3,81,19.82,98,RU,1665365056,Ostrovnoy
369,65.1073,57.0459,41.36,94,7.67,87,RU,1665365057,Kozhva
370,20.9,70.3667,81.25,80,4.59,75,IN,1665365057,Verāval
371,-31.7031,27.2329,59.58,77,4.12,99,ZA,1665365057,Lady Frere
372,37.5741,-122.3794,60.22,82,18.41,20,US,1665365057,Hillsborough
373,27.3298,-82.4576,79.54,68,10.36,75,US,1665365058,Fruitville
374,51.226,-58.6502,42.73,74,8.75,100,CA,1665365058,Saint-Augustin
375,61.3833,152.75,11.59,86,1.01,55,RU,1665365058,Talaya
376,24.3961,71.6267,80.19,74,4.23,12,IN,1665365059,Tharād
377,13.7667,109.2333,75.81,95,9.15,100,VN,1665365059,Qui Nhon
378,-45.5752,-72.0662,46.35,57,8.05,0,CL,1665365059,Coyhaique
379,58.6881,99.1844,37.89,88,3.24,98,RU,1665365060,Kodinsk
380,58.8053,-122.7002,69.39,37,4.61,75,CA,1665365060,Fort Nelson
381,31.6315,-8.0083,68.07,77,6.91,40,MA,1665364927,Marrakesh
382,-25.1667,45.05,68.95,97,6.2,32,MG,1665365060,Beloha
383,4.8517,31.5825,68.18,94,3.02,100,SS,1665365061,Juba
384,-5.0892,-81.1144,64.02,86,13.24,80,PE,1665365061,Paita
385,50.6996,-127.4199,50.18,100,3.44,100,CA,1665365061,Port Hardy
386,57.098,39.3835,44.08,95,6.76,80,RU,1665365062,Porech'ye-Rybnoye
387,64.1835,-51.7216,32.61,93,3.44,100,GL,1665365062,Nuuk
388,59.3267,14.5239,49.35,89,9.64,21,SE,1665365062,Karlskoga
389,-8.2578,-49.2647,80.91,58,2.86,59,BR,1665365063,Conceição do Araguaia
390,-20.7333,139.5,82.17,24,8.05,0,AU,1665365064,Mount Isa
391,-32.7167,152.15,63.52,69,8.01,100,AU,1665365064,Nelson Bay
392,50.7214,136.6319,43.92,65,2.35,15,RU,1665365064,Solnechnyy
393,-23.65,-70.4,58.28,81,3.8,44,CL,1665364908,Antofagasta
394,35.6225,-117.6709,87.13,18,4.0,20,US,1665364767,Ridgecrest
395,-2.5333,112.95,74.46,97,0.65,100,ID,1665365065,Sampit
396,20.4667,94.8833,80.38,78,3.53,70,MM,1665365065,Yenangyaung
397,-26.6481,15.1594,65.19,62,4.45,100,NA,1665365065,Lüderitz
398,30.3,109.4833,56.7,78,1.16,100,CN,1665365066,Enshi
399,-20.2208,-70.1431,60.84,71,0.81,12,CL,1665365038,Iquique
400,5.3833,-52.95,79.66,88,10.02,76,GF,1665365066,Sinnamary
401,61.67,96.37,35.47,95,1.86,100,RU,1665365008,Baykit
402,39.1502,-123.2078,80.8,31,0.0,0,US,1665365066,Ukiah
403,8.4509,98.5298,78.84,86,0.67,100,TH,1665365067,Phang Nga
404,50.4111,80.2275,44.82,87,8.95,100,KZ,1665364825,Semey
405,39.6482,47.9174,65.34,75,0.67,3,IR,1665365067,Pārsābād
406,56.0055,71.5113,44.55,84,11.1,100,RU,1665365067,Krutinka
407,-8.103,156.8419,84.09,65,2.08,18,SB,1665365068,Gizo Government Station
408,56.45,138.1667,37.6,43,2.86,19,RU,1665365068,Ayan
409,38.7333,-27.0667,71.85,94,10.33,40,PT,1665365068,Praia da Vitória
410,-2.7167,17.6833,69.93,97,1.43,100,CD,1665365069,Nioki
411,61.25,73.4167,41.09,86,8.99,40,RU,1665365069,Surgut
412,68.3499,-133.7218,34.66,100,10.36,100,CA,1665365070,Inuvik
413,53.858,120.875,35.91,51,4.65,90,RU,1665365070,Amazar
414,-19.7281,-50.1956,69.75,87,6.08,100,BR,1665364900,Iturama
415,43.6125,122.2653,33.96,73,23.64,100,CN,1665365070,Tongliao
416,25.8,113.0333,58.59,51,5.97,69,CN,1665365071,Chenzhou
417,66.9395,-53.6735,25.11,68,7.76,100,GL,1665365071,Sisimiut
418,28.85,121.1167,61.93,19,11.56,9,CN,1665365071,Linhai
419,1.487,124.8455,86.77,70,3.44,40,ID,1665365072,Manado
420,7.0419,134.2556,86.5,61,7.74,36,PW,1665365072,Kloulklubed
421,65.5833,-171.0,32.09,54,13.31,8,RU,1665365072,Lavrentiya
422,34.6851,135.8049,68.63,81,3.36,100,JP,1665364935,Nara
423,63.4453,120.3167,32.9,98,4.41,100,RU,1665365073,Verkhnevilyuysk
424,52.1415,-122.1445,66.06,54,4.61,75,CA,1665364794,Williams Lake
425,32.3333,-117.0333,68.49,78,7.38,23,MX,1665365007,Rosarito
426,16.8634,-99.8901,84.02,84,12.66,75,MX,1665364954,Acapulco de Juárez
427,-10.4544,161.9205,84.13,72,5.91,49,SB,1665365073,Kirakira
428,60.0,-1.25,51.62,76,25.32,75,GB,1665365074,Sandwick
429,44.6108,132.7969,46.94,81,14.97,100,RU,1665365074,Spasskoye
430,20.6569,-74.9403,80.28,82,10.74,61,CU,1665365074,Moa
431,53.5102,142.9671,43.41,64,6.78,7,RU,1665365074,Ekhabi
432,-2.0226,147.2712,84.56,57,10.58,89,PG,1665365075,Lorengau
433,41.1989,36.7219,62.37,82,4.61,75,TR,1665365075,Çarşamba
434,13.8833,120.65,83.05,70,6.73,10,PH,1665365075,Calatagan
435,52.0486,106.6528,39.02,46,3.42,13,RU,1665365076,Kabansk
436,-1.7483,-52.2383,79.3,74,7.85,85,BR,1665365076,Porto de Moz
437,18.3333,105.9,68.9,89,12.95,100,VN,1665365076,Ha Tinh
438,20.8947,-156.47,85.14,70,6.91,40,US,1665365077,Kahului
439,24.9,-76.2,82.83,74,18.41,53,BS,1665365077,Rock Sound
440,18.9048,-3.5265,92.23,13,6.29,11,ML,1665365077,Araouane
441,2.0371,45.3438,76.57,86,15.01,31,SO,1665364833,Mogadishu
442,51.6667,135.7,44.33,41,1.41,0,RU,1665365078,Berezovyy
443,40.4163,-120.653,72.93,23,10.36,20,US,1665365078,Susanville
444,48.3855,18.4006,50.14,75,6.51,41,SK,1665365078,Zlaté Moravce
445,35.6003,103.2064,44.37,46,1.83,100,CN,1665365079,Linxia Chengguanzhen
446,53.3925,-2.5802,49.93,93,9.22,75,GB,1665365079,Warrington
447,44.3683,-100.351,62.91,43,8.01,0,US,1665365079,Pierre
448,-6.1349,12.3689,75.47,87,7.14,38,AO,1665365080,Soyo
449,17.8868,-77.5902,77.68,87,9.78,54,JM,1665365080,Bull Savanna
450,43.1667,70.4667,40.75,62,4.14,0,KZ,1665365080,Karatau
451,20.5022,-10.0711,87.85,28,19.26,100,MR,1665365081,Adrar
452,50.1167,139.15,44.94,76,3.24,63,RU,1665365081,Vysokogornyy
453,43.6475,111.9767,37.18,25,5.93,0,CN,1665365081,Erenhot
454,55.9333,158.7,30.25,72,9.37,78,RU,1665365081,Esso
455,60.9167,-46.05,35.82,98,4.56,100,GL,1665365082,Narsaq
456,31.61,34.7642,66.09,68,1.66,0,IL,1665365082,Kiryat Gat
457,39.4101,-74.3646,52.47,72,1.01,0,US,1665365083,Brigantine
458,24.4667,85.6,74.88,86,4.97,0,IN,1665365083,Kodarmā
459,47.1666,-55.1483,48.56,79,10.85,2,CA,1665365083,Marystown
460,36.3,139.8,65.59,87,2.89,100,JP,1665365084,Oyama
461,9.51,-7.5692,71.56,91,2.24,100,CI,1665365084,Odienné
462,37.8667,139.1167,66.16,88,4.61,75,JP,1665365084,Kameda-honchō
463,-14.6585,17.691,63.3,28,5.59,9,AO,1665365085,Menongue
464,59.0556,80.8572,37.54,97,6.96,77,RU,1665365085,Kargasok
465,38.4166,-108.2673,50.32,51,4.03,5,US,1665365085,Montrose
466,-17.1717,-71.7931,60.15,80,5.08,9,PE,1665365085,Punta de Bombón
467,39.8885,4.2658,63.16,94,2.3,0,ES,1665365086,Mahon
468,51.5,156.5167,44.64,63,19.51,100,RU,1665365086,Ozernovskiy
469,4.2498,117.8871,84.33,79,4.14,100,MY,1665365086,Tawao
470,-12.974,40.5178,74.1,88,5.75,20,MZ,1665365087,Pemba
471,-20.65,166.5333,76.42,76,20.4,53,NC,1665365087,Fayaoué
472,39.7767,30.5206,44.51,100,4.61,40,TR,1665365087,Eskişehir
473,33.2833,134.15,75.25,75,15.95,5,JP,1665365087,Muroto-misakicho
474,17.4189,121.4443,80.69,71,7.47,9,PH,1665365088,Tabuk
475,18.65,-74.1167,80.15,80,1.66,5,HT,1665365088,Jérémie
476,51.655,17.8069,44.58,77,8.14,0,PL,1665365089,Ostrów Wielkopolski
477,60.733,56.7202,48.49,88,11.39,100,RU,1665365089,Nyrob
478,-2.6741,141.3028,86.14,64,6.69,49,PG,1665365089,Vanimo
479,-12.9274,34.2961,72.52,45,3.91,0,MW,1665365090,Nkhotakota
480,-24.2478,-51.6847,64.45,95,2.66,100,BR,1665365090,Ivaiporã
481,46.1159,-64.8019,44.13,82,8.05,75,CA,1665364831,Moncton
482,-1.5746,9.2618,76.3,89,5.21,100,GA,1665365090,Omboué
483,-37.8817,144.983,60.49,53,4.0,74,AU,1665365091,Elwood
484,-45.8742,170.5036,61.92,52,8.46,64,NZ,1665365091,Dunedin
485,11.2833,-15.8333,81.1,77,5.57,11,GW,1665365091,Bubaque
486,36.6177,-121.9166,58.55,89,5.75,100,US,1665364891,Pacific Grove
487,67.667,12.6934,51.66,80,36.44,100,NO,1665365092,Sørland
488,65.441,52.1498,41.47,85,8.48,98,RU,1665365092,Ust-Tsilma
489,19.1059,37.3321,82.44,78,7.52,23,SD,1665365092,Sawākin
490,-20.2833,44.2833,73.09,90,4.23,33,MG,1665365093,Morondava
491,37.5683,126.9778,52.18,58,13.8,40,KR,1665364800,Seoul
492,13.35,-15.75,73.08,92,4.85,23,GM,1665365093,Nioro
493,34.2583,108.9286,45.41,36,3.42,99,CN,1665364986,Xi'an
494,-35.1667,173.1667,63.28,62,11.07,99,NZ,1665365093,Ahipara
495,60.0973,19.9348,51.66,82,8.05,0,AX,1665365094,Mariehamn
496,57.3439,36.0453,39.07,94,4.72,0,RU,1665365094,Rameshki
497,51.064,-0.3272,52.25,91,2.3,0,GB,1665365094,Horsham
498,30.3333,10.85,72.27,28,8.37,3,LY,1665365095,Nālūt
499,-18.65,-173.9833,76.6,82,22.12,100,TO,1665365095,Neiafu
500,-34.0226,20.4417,59.34,86,5.59,100,ZA,1665365095,Swellendam
501,-5.795,-35.2094,75.42,94,10.36,75,BR,1665365095,Natal
502,-26.0736,-53.7253,54.0,91,5.7,100,BR,1665365096,Santo Antônio do Sudoeste
503,38.8876,-76.5119,49.44,81,0.0,0,US,1665364834,Mayo
504,43.213,-8.691,60.49,90,7.56,64,ES,1665365096,Carballo
505,-37.8333,140.7667,60.42,52,5.5,85,AU,1665365097,Mount Gambier
506,50.1344,-97.3268,42.91,43,5.53,1,CA,1665365097,Stonewall
507,31.7561,25.0865,69.39,64,6.26,1,LY,1665365097,Al Bardīyah
508,-16.5,-68.15,46.38,61,8.05,20,BO,1665364809,La Paz
509,63.1792,14.6357,46.85,76,12.66,25,SE,1665365098,Östersund
510,13.55,-7.45,78.13,64,7.09,24,ML,1665365098,Banamba
511,47.5999,-53.2648,43.81,95,8.32,5,CA,1665365098,Bay Roberts
512,-21.15,55.2833,67.17,68,4.0,31,RE,1665365099,Saint-Leu
513,-5.6667,132.75,83.55,74,10.65,82,ID,1665365099,Tual
514,-34.0033,24.7314,55.89,94,4.52,99,ZA,1665365099,Kruisfontein
515,42.2506,-75.833,47.52,86,1.9,12,US,1665365100,Broome
516,34.6182,-79.0086,57.87,94,5.91,75,US,1665365100,Lumberton
517,46.5389,138.3297,48.9,81,13.24,100,RU,1665365101,Svetlaya
518,50.8448,37.2913,52.68,78,5.46,100,RU,1665365101,Spornoye
519,59.3833,143.3,29.55,46,9.24,27,RU,1665365102,Okhotsk
520,-9.3727,30.125,63.91,38,7.56,3,ZM,1665365102,Mporokoso
521,59.6425,-151.5483,43.05,59,34.0,0,US,1665365102,Homer
522,20.1986,1.0114,83.73,18,10.74,5,ML,1665365103,Tessalit
523,31.5917,54.4318,52.3,21,1.36,0,IR,1665365103,Mahrīz
524,6.8833,73.1,80.58,82,14.29,56,MV,1665364877,Dhidhdhoo
525,5.75,38.9167,56.73,96,2.39,93,ET,1665365104,Shakiso
526,19.9103,109.6859,72.43,79,14.27,90,CN,1665365104,Lingao
527,21.6422,69.6093,81.79,80,4.85,35,IN,1665365105,Porbandar
528,2.0167,112.9333,76.64,90,1.21,100,MY,1665365105,Kapit
529,50.0979,118.0369,37.26,38,5.28,13,RU,1665365106,Krasnokamensk
530,17.65,83.2667,77.32,100,9.22,100,IN,1665365106,Yārāda
